customerid,first_name,last_name,email,phone,address,city,state,zipcode,update_date
CUST375219,Susan,Levy,susan.levy814@yahoo.com,001-796-594-8627,5209 Wu Passage,East Jamesbury,UT,06040,2025-06-14 11:25:46
CUST197388,Olivia,Mendez,olivia.mendez174@gmail.com,(396)600-3995x568,7657 Randall River Apt. 240,Williamsstad,MT,43904,2025-06-14 11:25:46
CUST559300,Alexandra,Moran,alexandra.moran3@hotmail.com,(623)813-6062x28349,365 Jade Common Suite 900,Lake Kellyfurt,NJ,07761,2025-06-14 11:25:46
CUST382578,Susan,Cabrera,susan.cabrera378@hotmail.com,001-828-436-7673x568,3464 Harding Rue,Michaelfort,MD,56076,2025-06-14 11:25:46
CUST880265,Bridget,Paul,bridget.paul230@gmail.com,+1-628-923-6181,266 Wood Courts Suite 108,Robertfurt,IN,23787,2025-06-14 11:25:46
CUST921408,April,Nelson,april.nelson648@hotmail.com,+1-250-734-5472x43545,85359 Coleman Fall Suite 966,Bakerfort,NE,33519,2025-06-14 11:25:46
CUST440887,Nancy,Duncan,nancy.duncan53@gmail.com,001-392-372-9935,77458 Weiss Manor,West Linda,MH,36605,2025-06-14 11:25:46
CUST311307,Larry,Jones,larry.jones395@hotmail.com,(462)785-7661,2105 Ariel Junctions,Jennifermouth,ND,28954,2025-06-14 11:25:46
CUST821290,Lauren,Roberts,lauren.roberts162@hotmail.com,979.648.8762x446,49419 Sara Field,Monicamouth,KY,57094,2025-06-14 11:25:46
CUST645633,Rebecca,Soto,rebecca.soto859@gmail.com,001-835-318-2034x0524,16698 James Via Suite 397,North Mary,DE,00504,2025-06-14 11:25:46
CUST270373,John,Lopez,john.lopez684@hotmail.com,8407382555,76685 Baldwin Ports,Lake Heather,MN,78082,2025-06-14 11:25:46
CUST394928,Kelly,Miller,kelly.miller394@hotmail.com,552.779.5169,01405 Jeffery Haven Apt. 676,Port Bryce,NY,83096,2025-06-14 11:25:46
CUST208847,Dennis,Powell,dennis.powell598@gmail.com,352.648.1291x962,7181 Newton Mountain Suite 849,South Felicia,AK,15992,2025-06-14 11:25:46
CUST568538,Stacey,Murillo,stacey.murillo142@yahoo.com,785-696-6275x5338,656 Wilson Ways,Lake Christine,IN,31811,2025-06-14 11:25:46
CUST767814,Jessica,Singh,jessica.singh792@yahoo.com,688-922-9930,94667 Gregory Burg Suite 743,Maddenstad,NJ,16783,2025-06-14 11:25:46
CUST553548,David,Poole,david.poole704@hotmail.com,001-804-665-2932x617,6941 Bennett Pike Apt. 320,North Donnaside,DC,09913,2025-06-14 11:25:46
CUST947729,Jeffrey,Fritz,jeffrey.fritz977@hotmail.com,407.545.7425,256 Pitts Mill,Wilsonmouth,AK,45679,2025-06-14 11:25:46
CUST245054,Joseph,Vaughn,joseph.vaughn741@hotmail.com,265-967-0457,836 Kathy Gardens,East Julie,MI,83622,2025-06-14 11:25:46
CUST703527,Kathy,Meyer,kathy.meyer627@yahoo.com,+1-701-538-6459x01609,46450 Jones Trafficway,Isaiahmouth,NE,14888,2025-06-14 11:25:46
CUST377547,Lynn,Mahoney,lynn.mahoney358@gmail.com,(653)423-0773x277,065 Catherine Villages Apt. 278,Jenniferchester,NM,57744,2025-06-14 11:25:46
CUST376215,Kelly,Brown,kelly.brown686@yahoo.com,6583214996,235 Beth Terrace,Gregland,MO,89833,2025-06-14 11:25:46
CUST259163,Ian,Warren,ian.warren888@yahoo.com,530.387.8587x148,9307 Ashley Gateway Suite 683,New Jessicatown,MI,26101,2025-06-14 11:25:46
CUST531986,Laura,Smith,laura.smith580@gmail.com,+1-448-888-2501x583,948 Benson Stream Apt. 878,Brianside,ND,73704,2025-06-14 11:25:46
CUST442364,Jennifer,Smith,jennifer.smith395@hotmail.com,(892)659-6090,955 Zachary Freeway Suite 775,Blankenshipton,PR,72233,2025-06-14 11:25:46
CUST119384,Timothy,Huffman,timothy.huffman376@hotmail.com,745.517.2936,327 Jennifer Islands,South Christopherside,AS,15230,2025-06-14 11:25:46
CUST702033,Wayne,Potter,wayne.potter86@gmail.com,001-990-690-5321,4959 Brown Run,Lake Joseph,AS,91302,2025-06-14 11:25:46
CUST548463,Don,Powell,don.powell141@gmail.com,225-870-9680,33128 Vincent Course Apt. 938,Gonzalesland,CA,60891,2025-06-14 11:25:46
CUST270948,Brenda,Trevino,brenda.trevino675@yahoo.com,402.768.2763x241,790 Welch Roads Apt. 416,North Stephaniemouth,DC,73170,2025-06-14 11:25:46
CUST680705,Kyle,Robinson,kyle.robinson1000@yahoo.com,001-768-575-4827,45153 George Rapids Suite 255,Nicoleport,KS,10165,2025-06-14 11:25:46
CUST897272,David,Frazier,david.frazier81@hotmail.com,(212)650-6524x129,02251 Jones Crescent,Michaelberg,DC,42789,2025-06-14 11:25:46
CUST270875,Megan,Huffman,megan.huffman166@yahoo.com,+1-980-257-7544x4875,7735 Roberts Well Suite 509,Chasemouth,FM,40802,2025-06-14 11:25:46
CUST887727,Johnny,Lambert,johnny.lambert271@yahoo.com,257.917.5146,673 Taylor Isle,Collinsland,CA,76987,2025-06-14 11:25:46
CUST651427,Eddie,Khan,eddie.khan452@gmail.com,360.774.7469x694,969 Juan Estates Suite 469,Chaseville,WI,11555,2025-06-14 11:25:46
CUST795683,Charles,Webster,charles.webster279@hotmail.com,788-718-1933x30054,867 William Rapid Apt. 132,North Larry,MI,11336,2025-06-14 11:25:46
CUST860641,Tiffany,Robinson,tiffany.robinson304@hotmail.com,(542)420-8354x874,834 James Trail Apt. 109,Alanmouth,PA,08244,2025-06-14 11:25:46
CUST662344,Ann,Robinson,ann.robinson946@yahoo.com,+1-301-937-6504x963,55850 Shane Drive,Port Ryan,HI,38505,2025-06-14 11:25:46
CUST991632,Steven,Kelly,steven.kelly513@gmail.com,+1-634-852-0768,31282 Roberts Well,East Vanessa,VI,86667,2025-06-14 11:25:46
CUST100530,Nicholas,Sherman,nicholas.sherman7@hotmail.com,9878513309,4398 Gray Fall Suite 254,Royland,WA,05966,2025-06-14 11:25:46
CUST505970,Mary,Suarez,mary.suarez77@hotmail.com,592.444.1170x354,4655 Brenda Locks,New Andrewbury,NC,94855,2025-06-14 11:25:46
CUST799838,Stacey,Stanley,stacey.stanley385@gmail.com,422-692-2171x50601,361 Kevin Falls Apt. 818,Mclaughlinhaven,PR,16701,2025-06-14 11:25:46
CUST352459,Rachel,Santana,rachel.santana995@yahoo.com,617.661.8524x71574,6522 Mendoza Gateway Apt. 373,Kimberlyland,ID,17109,2025-06-14 11:25:46
CUST649691,Alejandra,Jones,alejandra.jones818@gmail.com,673.776.5332x8750,20372 April Highway Apt. 467,East Barbara,OR,31125,2025-06-14 11:25:46
CUST433003,Toni,Davis,toni.davis755@hotmail.com,001-495-311-5913,744 Robin Throughway Apt. 583,Brownmouth,LA,70236,2025-06-14 11:25:46
CUST438277,Amanda,Mercer,amanda.mercer683@hotmail.com,(228)978-0916,007 Ellis Turnpike Apt. 980,Lyonsstad,CT,65416,2025-06-14 11:25:46
CUST159217,Patricia,Davis,patricia.davis281@gmail.com,001-656-262-9717x1567,48186 Dawn Union Apt. 482,New Shannonview,WV,48178,2025-06-14 11:25:46
CUST995461,Erica,May,erica.may650@yahoo.com,001-677-267-6631,65038 Chavez Lodge Apt. 786,Wagnerhaven,NV,25794,2025-06-14 11:25:46
CUST669718,Michael,Collins,michael.collins540@gmail.com,(260)215-2970x1537,477 Barbara Burg,Lake Christineborough,MP,95820,2025-06-14 11:25:46
CUST330841,Karen,Porter,karen.porter713@yahoo.com,422.801.7089,20526 Ronnie Lights,Cooperton,FM,02186,2025-06-14 11:25:46
CUST776164,Diane,Lamb,diane.lamb179@hotmail.com,001-493-616-8710x527,54031 Daniel Lights Suite 609,Fisherland,IL,05775,2025-06-14 11:25:46
CUST890465,Joanna,Walton,joanna.walton932@gmail.com,+1-369-999-2018x31886,65806 Terry Valley,East Kathleen,KS,35319,2025-06-14 11:25:46
CUST543964,Ryan,Brown,ryan.brown932@yahoo.com,452-649-2790,66638 Thompson Walk Apt. 037,Port Katrinaberg,HI,97548,2025-06-14 11:25:46
CUST503269,Susan,Adkins,susan.adkins268@hotmail.com,(960)323-9866x7780,07310 Davis Overpass,Mitchellbury,WV,98212,2025-06-14 11:25:46
CUST587129,Vincent,Gillespie,vincent.gillespie221@hotmail.com,(850)312-3078x4664,57266 Wade Underpass Apt. 676,Mccormickburgh,NJ,43824,2025-06-14 11:25:46
CUST991743,Megan,Sanders,megan.sanders917@hotmail.com,901-958-8335,2823 Hunter Inlet Apt. 782,Petersontown,MI,39074,2025-06-14 11:25:46
CUST666652,Jennifer,James,jennifer.james429@hotmail.com,(412)515-6271x957,82379 Danielle Drives,Woodardport,CT,90885,2025-06-14 11:25:46
CUST170667,William,Pace,william.pace737@gmail.com,+1-708-315-8703x372,39275 Kristine Alley Suite 127,Port Gregorychester,NJ,55639,2025-06-14 11:25:46
CUST361638,David,Castro,david.castro65@yahoo.com,(524)482-5509x290,8649 Shawn Burgs,North Amber,NV,61862,2025-06-14 11:25:46
CUST751619,Amy,Torres,amy.torres278@hotmail.com,(476)837-1404,05661 Debbie Turnpike,Youngfort,KY,07345,2025-06-14 11:25:46
CUST951124,Cathy,Kane,cathy.kane955@gmail.com,001-527-663-9774x939,896 Rice Junction,East Sarahview,AK,15641,2025-06-14 11:25:46
CUST132177,Melissa,Chavez,melissa.chavez540@hotmail.com,(722)789-0335x857,8462 Hubbard Oval Suite 941,East Craig,SC,57486,2025-06-14 11:25:46
CUST304921,Cody,Keller,cody.keller625@gmail.com,+1-312-785-0154x91734,766 Vasquez Unions Apt. 346,Harrischester,OH,09703,2025-06-14 11:25:46
CUST353936,Lori,Taylor,lori.taylor567@yahoo.com,(231)402-6254x905,6494 Nicholas Mills Suite 203,Mathewborough,ND,05929,2025-06-14 11:25:46
CUST204657,Cynthia,Anderson,cynthia.anderson783@hotmail.com,305-909-0322x2368,95109 Robert Roads Suite 062,West Ashley,NC,77037,2025-06-14 11:25:46
CUST920676,Laura,Wilson,laura.wilson936@hotmail.com,001-969-645-6061x28139,8731 Roach Ramp,West Robert,PW,48571,2025-06-14 11:25:46
CUST431061,Denise,Brown,denise.brown859@yahoo.com,(797)412-1537x46428,0935 Joshua Orchard,Rileyhaven,NH,49268,2025-06-14 11:25:46
CUST583906,Christopher,Harrison,christopher.harrison415@gmail.com,293-413-5496,69914 Derek Forge,West Hannahport,RI,73154,2025-06-14 11:25:46
CUST960785,Fernando,Howell,fernando.howell992@yahoo.com,820-693-1199,55451 Perkins Unions,West Ericatown,ME,57409,2025-06-14 11:25:46
CUST259307,Kevin,Thomas,kevin.thomas305@hotmail.com,681-806-5276,8116 Tracey Shoals,West Joseph,AL,21339,2025-06-14 11:25:46
CUST962772,Jonathan,Rhodes,jonathan.rhodes425@hotmail.com,6395031690,0361 Riggs Courts,New Steven,SC,79742,2025-06-14 11:25:46
CUST180145,Kenneth,Vaughn,kenneth.vaughn744@yahoo.com,349-834-2229x1841,945 Ryan Circle,Kerrimouth,AZ,28722,2025-06-14 11:25:46
CUST784156,Michael,Smith,michael.smith535@gmail.com,(734)421-3394x1653,99789 Williams Park,Sosaburgh,TN,25935,2025-06-14 11:25:46
CUST120656,Jennifer,Meyer,jennifer.meyer917@hotmail.com,+1-316-741-4664x275,9393 Rebecca Manors Suite 362,Jacobmouth,RI,13409,2025-06-14 11:25:46
CUST235302,Jonathan,Cox,jonathan.cox103@yahoo.com,494.921.8480x0415,89823 Dawson Village Apt. 777,Port Michaelshire,WA,43560,2025-06-14 11:25:46
CUST788161,Stephanie,Glenn,stephanie.glenn955@hotmail.com,(246)435-4847x411,3619 Courtney Locks,Lake William,PW,12413,2025-06-14 11:25:46
CUST335433,Briana,Jones,briana.jones532@gmail.com,645.938.5259x1705,181 Gabrielle Green,Debbieton,WY,44157,2025-06-14 11:25:46
CUST823904,Kathleen,Hunter,kathleen.hunter983@hotmail.com,926.224.0275,324 Clayton Circle Suite 131,Victoriachester,VI,57954,2025-06-14 11:25:46
CUST682328,Todd,Woods,todd.woods739@hotmail.com,(607)439-7109x8594,4589 Erica Extensions Suite 107,Sharpborough,NE,50303,2025-06-14 11:25:46
CUST611152,Jerry,Stanley,jerry.stanley51@yahoo.com,600-710-9811x612,58242 Brown Bypass,Ronaldfurt,IL,15486,2025-06-14 11:25:46
CUST666662,Nancy,May,nancy.may109@yahoo.com,9076205804,679 Russell Path Apt. 112,Janetside,OK,16429,2025-06-14 11:25:46
CUST642124,Margaret,Smith,margaret.smith80@gmail.com,543-421-8786x98785,18389 George Key,New Laurentown,ND,79115,2025-06-14 11:25:46
CUST518812,Rebecca,Burns,rebecca.burns987@yahoo.com,388-453-7647,45219 Johnson Circle,Fisherview,MH,42531,2025-06-14 11:25:46
CUST152056,Andre,Evans,andre.evans594@hotmail.com,665.383.2521x079,218 Ryan Crest Apt. 197,Wattsshire,WI,39719,2025-06-14 11:25:46
CUST729437,Tina,Simpson,tina.simpson231@hotmail.com,001-719-459-9101x730,60223 Kristen Square,Travisville,CO,66952,2025-06-14 11:25:46
CUST841402,Christine,Young,christine.young125@hotmail.com,001-466-555-6726x15591,79144 Jose Streets Suite 293,Lake Jeremyside,FL,97354,2025-06-14 11:25:46
CUST120742,Cassandra,Moyer,cassandra.moyer735@hotmail.com,001-638-645-8677x815,016 Jackson Parks Apt. 783,Port Susan,CO,50915,2025-06-14 11:25:46
CUST469193,Joseph,Reyes,joseph.reyes370@gmail.com,6176811061,659 Kimberly Loaf Suite 300,West Chad,PR,77272,2025-06-14 11:25:46
CUST326458,Elizabeth,Jones,elizabeth.jones523@yahoo.com,+1-498-826-3163,373 Ellis Village,North Amberbury,DC,85089,2025-06-14 11:25:46
CUST796795,Caroline,Haynes,caroline.haynes850@gmail.com,+1-375-202-4713x614,472 Krista Mills,Port Victoriabury,WI,88718,2025-06-14 11:25:46
CUST801355,Patricia,Lee,patricia.lee537@gmail.com,001-254-236-3824x0104,9725 Shaw Fork,New Kellymouth,NY,92896,2025-06-14 11:25:46
CUST684660,Robert,Rodriguez,robert.rodriguez803@gmail.com,940-387-0064x49287,99593 Smith Brook,Wilkersonchester,NC,71240,2025-06-14 11:25:46
CUST377636,Charlene,Harrison,charlene.harrison920@gmail.com,(636)745-9062x99543,407 Taylor Plain,Pooleland,AZ,71276,2025-06-14 11:25:46
CUST225247,Bob,Schneider,bob.schneider7@yahoo.com,+1-286-292-3461x48403,188 Hanson Ridges,Port Heatherton,SD,85860,2025-06-14 11:25:46
CUST137670,Linda,Garcia,linda.garcia204@gmail.com,5994707312,50752 Evans Court Suite 711,Paigeside,CA,62762,2025-06-14 11:25:46
CUST825521,Carrie,Hughes,carrie.hughes271@hotmail.com,001-432-498-5783x915,98110 Erin Road,Michaelland,DE,88121,2025-06-14 11:25:46
CUST666721,Gina,Payne,gina.payne797@hotmail.com,964.495.7667,93022 Garcia Stream,Fordport,IL,70620,2025-06-14 11:25:46
CUST295555,Jackie,Gutierrez,jackie.gutierrez444@hotmail.com,950-770-3048,40180 Anne Glens Suite 881,Port Kyleton,WA,13400,2025-06-14 11:25:46
CUST857556,Mariah,Moore,mariah.moore76@yahoo.com,8186000653,314 Robert Coves Suite 726,New Christina,MA,46618,2025-06-14 11:25:46
CUST561397,Kerri,Gordon,kerri.gordon918@gmail.com,8654691882,3429 Marissa Hollow Suite 069,Masseyberg,AK,86871,2025-06-14 11:25:46
CUST899496,Nathaniel,Chen,nathaniel.chen311@hotmail.com,001-408-923-1723x941,1586 Lindsey Route Suite 285,Stevenborough,ME,58405,2025-06-14 11:25:46
CUST564493,Mindy,Hayes,mindy.hayes769@gmail.com,+1-797-511-2450x706,87261 Travis Groves,South Samanthashire,NM,98700,2025-06-14 11:25:46
